participant_id,vis,task_order,correctness,vis_order,duration_ms,log_duration,bc_duration
5e8f53644b34ff22d9b3a1c5,blossom,1,1,1,118428,11.68206046,2.877950687
5e8f53644b34ff22d9b3a1c5,blossom,2,0,1,30307,10.31913399,2.845647378
5e8f53644b34ff22d9b3a1c5,blossom,3,0,1,56167,10.93608467,2.86213513
5e8f53644b34ff22d9b3a1c5,blossom,4,1,1,16163,9.690479958,2.824870184
5e8f53644b34ff22d9b3a1c5,blossom,5,1,1,57154,10.95350466,2.862552177
5e8f53644b34ff22d9b3a1c5,blossom,6,0,1,38990,10.57106048,2.852801342
5e8f53644b34ff22d9b3a1c5,blossom,7,0,1,35004,10.46321762,2.849813991
5e8f53644b34ff22d9b3a1c5,blossom,8,1,1,78123,11.26603979,2.869628524
5e8f53644b34ff22d9b3a1c5,blossom,9,0,1,55216,10.91900805,2.861723891
5e8f53644b34ff22d9b3a1c5,diverging,1,1,2,28637,10.26245487,2.843951398
5e8f53644b34ff22d9b3a1c5,diverging,2,1,2,13606,9.518266151,2.818357255
5e8f53644b34ff22d9b3a1c5,diverging,3,1,2,28895,10.27142385,2.84422196
5e8f53644b34ff22d9b3a1c5,diverging,4,1,2,18733,9.838041953,2.830154488
5e8f53644b34ff22d9b3a1c5,diverging,5,1,2,23756,10.07559041,2.838121987
5e8f53644b34ff22d9b3a1c5,diverging,6,0,2,34475,10.4479897,2.849383242
5e8f53644b34ff22d9b3a1c5,diverging,7,0,2,71416,11.17627721,2.867672738
5e8f53644b34ff22d9b3a1c5,diverging,8,1,2,23314,10.05680932,2.837515288
5e8f53644b34ff22d9b3a1c5,diverging,9,0,2,70550,11.16407696,2.867402262
5e8f53644b34ff22d9b3a1c5,radial,1,0,3,91199,11.42079921,2.872863048
5e8f53644b34ff22d9b3a1c5,radial,2,1,3,24908,10.12294432,2.839634557
5e8f53644b34ff22d9b3a1c5,radial,3,0,3,23714,10.07382087,2.83806499
5e8f53644b34ff22d9b3a1c5,radial,4,1,3,22997,10.04311905,2.837070586
5e8f53644b34ff22d9b3a1c5,radial,5,0,3,31095,10.34480231,2.84640472
5e8f53644b34ff22d9b3a1c5,radial,6,1,3,20727,9.939192477,2.833626175
5e8f53644b34ff22d9b3a1c5,radial,7,0,3,27258,10.21310233,2.842447714
5e8f53644b34ff22d9b3a1c5,radial,8,1,3,19522,9.879297314,2.831584929
5e8f53644b34ff22d9b3a1c5,radial,9,0,3,115109,11.65363478,2.877418862
5f4a4da1575d605c43bef871,diverging,1,1,1,16178,9.691407574,2.82490424
5f4a4da1575d605c43bef871,diverging,2,1,1,17964,9.796125034,2.828680351
5f4a4da1575d605c43bef871,diverging,3,0,1,19433,9.874727931,2.831427485
5f4a4da1575d605c43bef871,diverging,4,1,1,24223,10.09505787,2.838746771
5f4a4da1575d605c43bef871,diverging,5,0,1,37097,10.52129138,2.851436334
5f4a4da1575d605c43bef871,diverging,6,0,1,40518,10.6095016,2.853839917
5f4a4da1575d605c43bef871,diverging,7,1,1,20952,9.949989386,2.833989723
5f4a4da1575d605c43bef871,diverging,8,0,1,27997,10.23985264,2.843265888
5f4a4da1575d605c43bef871,diverging,9,1,1,42342,10.65353478,2.855012964
5f4a4da1575d605c43bef871,blossom,1,0,2,40970,10.62059537,2.854137118
5f4a4da1575d605c43bef871,blossom,2,1,2,29680,10.2982287,2.845025652
5f4a4da1575d605c43bef871,blossom,3,0,2,28108,10.24380951,2.843386279
5f4a4da1575d605c43bef871,blossom,4,1,2,12003,9.392911898,2.813370108
5f4a4da1575d605c43bef871,blossom,5,1,2,13685,9.524055621,2.818582476
5f4a4da1575d605c43bef871,blossom,6,0,2,9541,9.163353581,2.803665807
5f4a4da1575d605c43bef871,blossom,7,1,2,25417,10.14317352,2.840273306
5f4a4da1575d605c43bef871,blossom,8,0,2,22999,10.04320602,2.837073418
5f4a4da1575d605c43bef871,blossom,9,0,2,22686,10.02950327,2.83662624
5f4a4da1575d605c43bef871,radial,1,0,3,11712,9.368369236,2.812368489
5f4a4da1575d605c43bef871,radial,2,1,3,14631,9.590897844,2.821150809
5f4a4da1575d605c43bef871,radial,3,0,3,44707,10.70788537,2.85643679
5f4a4da1575d605c43bef871,radial,4,1,3,23694,10.07297713,2.838037801
5f4a4da1575d605c43bef871,radial,5,1,3,22300,10.01234196,2.83606324
5f4a4da1575d605c43bef871,radial,6,0,3,19736,9.890199658,2.831959595
5f4a4da1575d605c43bef871,radial,7,0,3,24567,10.10915936,2.839196758
5f4a4da1575d605c43bef871,radial,8,1,3,19257,9.86562991,2.831113268
5f4a4da1575d605c43bef871,radial,9,0,3,19343,9.870085876,2.831267285
629642bfde2bf56c1ec2a420,blossom,1,1,1,31006,10.34193601,2.846320478
629642bfde2bf56c1ec2a420,blossom,2,0,1,12866,9.462343452,2.816158719
629642bfde2bf56c1ec2a420,blossom,3,1,1,55536,10.92478674,2.861863321
629642bfde2bf56c1ec2a420,blossom,4,1,1,46219,10.74114625,2.857295201
629642bfde2bf56c1ec2a420,blossom,5,1,1,21451,9.973526543,2.834777629
629642bfde2bf56c1ec2a420,blossom,6,0,1,56237,10.93733018,2.86216503
629642bfde2bf56c1ec2a420,blossom,7,0,1,22375,10.01569954,2.83617365
629642bfde2bf56c1ec2a420,blossom,8,1,1,25265,10.13717532,2.840084368
629642bfde2bf56c1ec2a420,blossom,9,1,1,72985,11.19800922,2.868151751
629642bfde2bf56c1ec2a420,diverging,1,1,2,8784,9.080687164,2.799980929
629642bfde2bf56c1ec2a420,diverging,2,1,2,19988,9.902887372,2.832393866
629642bfde2bf56c1ec2a420,diverging,3,1,2,13030,9.47500967,2.816660356
629642bfde2bf56c1ec2a420,diverging,4,1,2,23324,10.05723815,2.837529184
629642bfde2bf56c1ec2a420,diverging,5,1,2,18503,9.82568816,2.829722216
629642bfde2bf56c1ec2a420,diverging,6,0,2,21013,9.952896573,2.834087384
629642bfde2bf56c1ec2a420,diverging,7,1,2,20890,9.947025855,2.83389007
629642bfde2bf56c1ec2a420,diverging,8,1,2,32753,10.39674984,2.847917294
629642bfde2bf56c1ec2a420,diverging,9,1,2,86598,11.369032,2.871800039
629642bfde2bf56c1ec2a420,radial,1,1,3,27312,10.21508145,2.842508502
629642bfde2bf56c1ec2a420,radial,2,0,3,19640,9.885323582,2.831792197
629642bfde2bf56c1ec2a420,radial,3,0,3,32494,10.38881074,2.847687859
629642bfde2bf56c1ec2a420,radial,4,0,3,19687,9.887713798,2.831874289
629642bfde2bf56c1ec2a420,radial,5,1,3,22129,10.00464424,2.835809634
629642bfde2bf56c1ec2a420,radial,6,1,3,18700,9.836278803,2.830092905
629642bfde2bf56c1ec2a420,radial,7,0,3,25596,10.15019137,2.840493871
629642bfde2bf56c1ec2a420,radial,8,1,3,24700,10.11455852,2.839368476
629642bfde2bf56c1ec2a420,radial,9,0,3,68825,11.13932233,2.86684999
62c35e9517e15b36b957a678,radial,1,1,1,400687,12.90093585,2.896519265
62c35e9517e15b36b957a678,radial,2,1,1,23002,10.04333645,2.837077664
62c35e9517e15b36b957a678,radial,3,0,1,179050,12.09542038,2.885129155
62c35e9517e15b36b957a678,radial,4,1,1,20778,9.941650014,2.833709042
62c35e9517e15b36b957a678,radial,5,1,1,30722,10.33273429,2.846049479
62c35e9517e15b36b957a678,radial,6,1,1,21726,9.986264979,2.835201418
62c35e9517e15b36b957a678,radial,7,0,1,59640,10.99608177,2.863561138
62c35e9517e15b36b957a678,radial,8,1,1,21076,9.955890231,2.834187848
62c35e9517e15b36b957a678,radial,9,1,1,211883,12.26378951,2.88777516
62c35e9517e15b36b957a678,diverging,1,1,2,20217,9.914279114,2.832782181
62c35e9517e15b36b957a678,diverging,2,1,2,15545,9.651494322,2.823429102
62c35e9517e15b36b957a678,diverging,3,1,2,21568,9.978966014,2.834958817
62c35e9517e15b36b957a678,diverging,4,1,2,17122,9.748119465,2.826966
62c35e9517e15b36b957a678,diverging,5,1,2,36586,10.50742093,2.851051766
62c35e9517e15b36b957a678,diverging,6,0,2,58138,10.97057477,2.862958452
62c35e9517e15b36b957a678,diverging,7,1,2,30694,10.33182247,2.846022579
62c35e9517e15b36b957a678,diverging,8,1,2,47622,10.77105012,2.858058705
62c35e9517e15b36b957a678,diverging,9,1,2,164873,12.01293076,2.88377628
62c35e9517e15b36b957a678,blossom,1,1,3,28517,10.25825568,2.843824439
62c35e9517e15b36b957a678,blossom,2,1,3,10495,9.258654232,2.807786941
62c35e9517e15b36b957a678,blossom,3,1,3,60213,11.00564355,2.863785719
62c35e9517e15b36b957a678,blossom,4,1,3,13021,9.474318718,2.816633047
62c35e9517e15b36b957a678,blossom,5,1,3,21493,9.97548258,2.834842823
62c35e9517e15b36b957a678,blossom,6,1,3,16308,9.699411064,2.825197629
62c35e9517e15b36b957a678,blossom,7,1,3,25095,10.1304239,2.839871243
62c35e9517e15b36b957a678,blossom,8,1,3,17862,9.79043083,2.828478466
62c35e9517e15b36b957a678,blossom,9,1,3,92907,11.43935427,2.87323952
62ceba5fdab49dfc90278cbb,blossom,1,0,1,21756,9.987644861,2.835247214
62ceba5fdab49dfc90278cbb,blossom,2,1,1,14808,9.602922854,2.821606674
62ceba5fdab49dfc90278cbb,blossom,3,0,1,13642,9.520908548,2.818460104
62ceba5fdab49dfc90278cbb,blossom,4,1,1,14667,9.593355351,2.821244124
62ceba5fdab49dfc90278cbb,blossom,5,1,1,54100,10.89858946,2.861229017
62ceba5fdab49dfc90278cbb,blossom,6,0,1,608499,13.31875055,2.901303983
62ceba5fdab49dfc90278cbb,blossom,7,1,1,11126,9.317039991,2.810246378
62ceba5fdab49dfc90278cbb,blossom,8,0,1,9642,9.173883835,2.804127782
62ceba5fdab49dfc90278cbb,blossom,9,1,1,12547,9.437236872,2.815157964
62ceba5fdab49dfc90278cbb,diverging,1,1,2,8343,9.029178143,2.797631816
62ceba5fdab49dfc90278cbb,diverging,2,1,2,12778,9.455480221,2.815885999
62ceba5fdab49dfc90278cbb,diverging,3,1,2,6231,8.737292113,2.783511805
62ceba5fdab49dfc90278cbb,diverging,4,0,2,8408,9.036938913,2.797988398
62ceba5fdab49dfc90278cbb,diverging,5,1,2,13952,9.543378146,2.819330946
62ceba5fdab49dfc90278cbb,diverging,6,0,2,21763,9.987966559,2.835257888
62ceba5fdab49dfc90278cbb,diverging,7,0,2,18792,9.841186526,2.830264229
62ceba5fdab49dfc90278cbb,diverging,8,0,2,10446,9.253974409,2.807587681
62ceba5fdab49dfc90278cbb,diverging,9,0,2,13276,9.493713173,2.817397144
62ceba5fdab49dfc90278cbb,radial,1,1,3,9552,9.164505836,2.803716439
62ceba5fdab49dfc90278cbb,radial,2,1,3,10549,9.263786348,2.808005094
62ceba5fdab49dfc90278cbb,radial,3,1,3,10279,9.237858258,2.806899039
62ceba5fdab49dfc90278cbb,radial,4,0,3,9052,9.110741007,2.80133262
62ceba5fdab49dfc90278cbb,radial,5,1,3,9834,9.193601048,2.80498835
62ceba5fdab49dfc90278cbb,radial,6,1,3,11034,9.308736694,2.809899591
62ceba5fdab49dfc90278cbb,radial,7,0,3,8802,9.082734247,2.800073438
62ceba5fdab49dfc90278cbb,radial,8,1,3,10172,9.227394127,2.806449877
62ceba5fdab49dfc90278cbb,radial,9,1,3,23766,10.07601127,2.838135538
63474e67a5fd298c6103c409,blossom,1,1,1,17633,9.777527425,2.82801953
63474e67a5fd298c6103c409,blossom,2,1,1,20878,9.946451252,2.833870736
63474e67a5fd298c6103c409,blossom,3,0,1,88665,11.3926205,2.872286742
63474e67a5fd298c6103c409,blossom,4,0,1,16364,9.702839079,2.825323047
63474e67a5fd298c6103c409,blossom,5,1,1,15350,9.638870753,2.822958358
63474e67a5fd298c6103c409,blossom,6,0,1,13367,9.500544262,2.817665072
63474e67a5fd298c6103c409,blossom,7,0,1,22142,10.00523154,2.835829006
63474e67a5fd298c6103c409,blossom,8,0,1,57724,10.96342831,2.862788651
63474e67a5fd298c6103c409,blossom,9,0,1,25705,10.1544408,2.840627171
63474e67a5fd298c6103c409,radial,1,0,2,30494,10.32528522,2.845829474
63474e67a5fd298c6103c409,radial,2,1,2,31686,10.36363022,2.846956037
63474e67a5fd298c6103c409,radial,3,1,2,29368,10.28766093,2.844709675
63474e67a5fd298c6103c409,radial,4,1,2,53077,10.87949897,2.860763205
63474e67a5fd298c6103c409,radial,5,1,2,23728,10.07441106,2.838084004
63474e67a5fd298c6103c409,radial,6,1,2,13256,9.492205559,2.817337928
63474e67a5fd298c6103c409,radial,7,0,2,29363,10.28749066,2.844704574
63474e67a5fd298c6103c409,radial,8,0,2,117065,11.67048462,2.877734733
63474e67a5fd298c6103c409,radial,9,0,2,41494,10.63330412,2.854476205
63474e67a5fd298c6103c409,diverging,1,1,3,31800,10.36722157,2.847060797
63474e67a5fd298c6103c409,diverging,2,1,3,18560,9.828764006,2.829830014
63474e67a5fd298c6103c409,diverging,3,1,3,12723,9.451166658,2.815714267
63474e67a5fd298c6103c409,diverging,4,0,3,25172,10.13348754,2.839968015
63474e67a5fd298c6103c409,diverging,5,1,3,38432,10.55664572,2.852408372
63474e67a5fd298c6103c409,diverging,6,0,3,18483,9.82460667,2.829684287
63474e67a5fd298c6103c409,diverging,7,1,3,16814,9.729967152,2.826310406
63474e67a5fd298c6103c409,diverging,8,0,3,20992,9.951896692,2.834053806
63474e67a5fd298c6103c409,diverging,9,0,3,38434,10.55669776,2.852409794
63d209778cf36665be2d42ec,radial,1,1,1,15897,9.673885691,2.824259127
63d209778cf36665be2d42ec,radial,2,1,1,49237,10.80440065,2.858901075
63d209778cf36665be2d42ec,radial,3,1,1,81943,11.31377916,2.870644559
63d209778cf36665be2d42ec,radial,4,1,1,47742,10.77356679,2.858122606
63d209778cf36665be2d42ec,radial,5,1,1,17443,9.766693701,2.827632644
63d209778cf36665be2d42ec,radial,6,1,1,29937,10.30685045,2.845282601
63d209778cf36665be2d42ec,radial,7,0,1,53253,10.88280942,2.860844198
63d209778cf36665be2d42ec,radial,8,1,1,25074,10.12958673,2.839844781
63d209778cf36665be2d42ec,radial,9,0,1,23870,10.08037772,2.838276015
63d209778cf36665be2d42ec,blossom,1,0,2,17606,9.775995032,2.827964893
63d209778cf36665be2d42ec,blossom,2,0,2,35556,10.4788642,2.850254259
63d209778cf36665be2d42ec,blossom,3,1,2,16119,9.687753979,2.824770041
63d209778cf36665be2d42ec,blossom,4,0,2,76305,11.24249375,2.86912127
63d209778cf36665be2d42ec,blossom,5,0,2,104192,11.55399063,2.875513345
63d209778cf36665be2d42ec,blossom,6,1,2,39600,10.5865844,2.853222396
63d209778cf36665be2d42ec,blossom,7,0,2,19444,9.875293818,2.831446996
63d209778cf36665be2d42ec,blossom,8,1,2,10566,9.265396578,2.808073462
63d209778cf36665be2d42ec,blossom,9,0,2,65528,11.09023281,2.865740924
63d209778cf36665be2d42ec,diverging,1,1,3,9535,9.162724518,2.803638157
63d209778cf36665be2d42ec,diverging,2,1,3,29706,10.29910432,2.845051782
63d209778cf36665be2d42ec,diverging,3,1,3,10635,9.271905728,2.808349449
63d209778cf36665be2d42ec,diverging,4,1,3,24772,10.11746926,2.83946092
63d209778cf36665be2d42ec,diverging,5,0,3,38538,10.55940005,2.852483609
63d209778cf36665be2d42ec,diverging,6,0,3,15752,9.66472262,2.823920227
63d209778cf36665be2d42ec,diverging,7,0,3,18103,9.803832949,2.828953007
63d209778cf36665be2d42ec,diverging,8,1,3,11093,9.314069558,2.810122431
63d209778cf36665be2d42ec,diverging,9,0,3,7093,8.866863661,2.789953592
63ecff07b619306f41db42fa,diverging,1,1,1,22220,10.00874806,2.83594492
63ecff07b619306f41db42fa,diverging,2,1,1,44422,10.70149012,2.85627062
63ecff07b619306f41db42fa,diverging,3,0,1,14674,9.593832499,2.821262233
63ecff07b619306f41db42fa,diverging,4,0,1,34501,10.44874359,2.84940462
63ecff07b619306f41db42fa,diverging,5,1,1,31156,10.34676212,2.846462272
63ecff07b619306f41db42fa,diverging,6,0,1,32132,10.3776077,2.84736304
63ecff07b619306f41db42fa,diverging,7,1,1,35007,10.46330332,2.849816409
63ecff07b619306f41db42fa,diverging,8,0,1,27756,10.23120731,2.843002282
63ecff07b619306f41db42fa,diverging,9,0,1,99873,11.51165466,2.87468394
63ecff07b619306f41db42fa,blossom,1,1,2,41747,10.63938287,2.854637875
63ecff07b619306f41db42fa,blossom,2,1,2,28413,10.25460207,2.843713827
63ecff07b619306f41db42fa,blossom,3,1,2,39611,10.58686214,2.853229909
63ecff07b619306f41db42fa,blossom,4,1,2,20517,9.92900909,2.833282057
63ecff07b619306f41db42fa,blossom,5,1,2,11596,9.35841549,2.811959868
63ecff07b619306f41db42fa,blossom,6,1,2,16185,9.691840166,2.824920118
63ecff07b619306f41db42fa,blossom,7,1,2,27810,10.23315095,2.843061613
63ecff07b619306f41db42fa,blossom,8,0,2,29845,10.3037726,2.84519096
63ecff07b619306f41db42fa,blossom,9,1,2,76766,11.24851711,2.86925142
63ecff07b619306f41db42fa,radial,1,1,3,30230,10.31659009,2.845571959
63ecff07b619306f41db42fa,radial,2,0,3,68626,11.13642675,2.866785085
63ecff07b619306f41db42fa,radial,3,0,3,19188,9.862040363,2.830989028
63ecff07b619306f41db42fa,radial,4,1,3,25448,10.14439243,2.840311653
63ecff07b619306f41db42fa,radial,5,1,3,21542,9.977759797,2.834918667
63ecff07b619306f41db42fa,radial,6,1,3,16662,9.720885957,2.825980902
63ecff07b619306f41db42fa,radial,7,0,3,23139,10.04927478,2.8372708
63ecff07b619306f41db42fa,radial,8,0,3,28582,10.26053243,2.843893297
63ecff07b619306f41db42fa,radial,9,1,3,59012,10.98549609,2.863311653
63f794e7d8d24753edbbb136,diverging,1,1,1,26685,10.19185689,2.84179257
63f794e7d8d24753edbbb136,diverging,2,1,1,29651,10.29725113,2.84499647
63f794e7d8d24753edbbb136,diverging,3,1,1,34786,10.45697029,2.849637545
63f794e7d8d24753edbbb136,diverging,4,1,1,23018,10.0440318,2.8371003
63f794e7d8d24753edbbb136,diverging,5,1,1,31901,10.37039264,2.847153191
63f794e7d8d24753edbbb136,diverging,6,1,1,42353,10.65379454,2.855019832
63f794e7d8d24753edbbb136,diverging,7,0,1,19948,9.900884167,2.832325426
63f794e7d8d24753edbbb136,diverging,8,1,1,225860,12.32767062,2.888739992
63f794e7d8d24753edbbb136,diverging,9,1,1,90178,11.40954077,2.872633457
63f794e7d8d24753edbbb136,radial,1,1,2,44124,10.69475913,2.856095335
63f794e7d8d24753edbbb136,radial,2,1,2,19918,9.899379124,2.832273974
63f794e7d8d24753edbbb136,radial,3,0,2,22553,10.02362337,2.836433713
63f794e7d8d24753edbbb136,radial,4,1,2,40102,10.59918149,2.853562431
63f794e7d8d24753edbbb136,radial,5,1,2,20885,9.946786477,2.833882016
63f794e7d8d24753edbbb136,radial,6,1,2,31085,10.34448067,2.846395271
63f794e7d8d24753edbbb136,radial,7,0,2,29017,10.27563714,2.844348775
63f794e7d8d24753edbbb136,radial,8,1,2,28145,10.245125,2.843426268
63f794e7d8d24753edbbb136,radial,9,0,2,29470,10.29112808,2.844813468
63f794e7d8d24753edbbb136,blossom,1,1,3,18124,9.804992306,2.828993955
63f794e7d8d24753edbbb136,blossom,2,1,3,25152,10.1326927,2.839942918
63f794e7d8d24753edbbb136,blossom,3,1,3,54322,10.90268458,2.861328545
63f794e7d8d24753edbbb136,blossom,4,1,3,16033,9.682404377,2.824573246
63f794e7d8d24753edbbb136,blossom,5,1,3,50587,10.83144991,2.859577287
63f794e7d8d24753edbbb136,blossom,6,1,3,43454,10.67945819,2.855695374
63f794e7d8d24753edbbb136,blossom,7,1,3,77039,11.25206707,2.869328
63f794e7d8d24753edbbb136,blossom,8,1,3,20637,9.93484086,2.833479271
63f794e7d8d24753edbbb136,blossom,9,1,3,21089,9.956506857,2.834208529
6638068d9ab49383d1fe00ae,diverging,1,1,1,22750,10.03232042,2.836718346
6638068d9ab49383d1fe00ae,diverging,2,1,1,39410,10.58177487,2.853092186
6638068d9ab49383d1fe00ae,diverging,3,1,1,34062,10.43593767,2.849040739
6638068d9ab49383d1fe00ae,diverging,4,0,1,56325,10.93889377,2.862202549
6638068d9ab49383d1fe00ae,diverging,5,1,1,34592,10.45137772,2.849479272
6638068d9ab49383d1fe00ae,diverging,6,1,1,80936,11.301414,2.870382977
6638068d9ab49383d1fe00ae,diverging,7,1,1,63299,11.05562481,2.864947802
6638068d9ab49383d1fe00ae,diverging,8,1,1,33395,10.41616147,2.848475667
6638068d9ab49383d1fe00ae,diverging,9,0,1,91436,11.42339455,2.872915849
6638068d9ab49383d1fe00ae,radial,1,1,2,20303,9.918523937,2.832926491
6638068d9ab49383d1fe00ae,radial,2,1,2,36327,10.50031655,2.850854086
6638068d9ab49383d1fe00ae,radial,3,0,2,27305,10.21482511,2.842500631
6638068d9ab49383d1fe00ae,radial,4,1,2,34022,10.43476265,2.849007271
6638068d9ab49383d1fe00ae,radial,5,1,2,49053,10.80065663,2.858806985
6638068d9ab49383d1fe00ae,radial,6,1,2,33574,10.42150724,2.84862879
6638068d9ab49383d1fe00ae,radial,7,0,2,57676,10.96259642,2.862768859
6638068d9ab49383d1fe00ae,radial,8,1,2,31991,10.37320989,2.847235192
6638068d9ab49383d1fe00ae,radial,9,0,2,81007,11.30229085,2.870401563
6638068d9ab49383d1fe00ae,blossom,1,1,3,43292,10.67572314,2.855597424
6638068d9ab49383d1fe00ae,blossom,2,1,3,32071,10.37570747,2.847307823
6638068d9ab49383d1fe00ae,blossom,3,1,3,13015,9.473857817,2.816614827
6638068d9ab49383d1fe00ae,blossom,4,1,3,23566,10.06756027,2.837863059
6638068d9ab49383d1fe00ae,blossom,5,1,3,15991,9.679781343,2.824476621
6638068d9ab49383d1fe00ae,blossom,6,0,3,12718,9.450773592,2.815698606
6638068d9ab49383d1fe00ae,blossom,7,1,3,49504,10.80980875,2.859036773
6638068d9ab49383d1fe00ae,blossom,8,1,3,18211,9.809781086,2.829162924
6638068d9ab49383d1fe00ae,blossom,9,1,3,39048,10.57254694,2.852841756
66769d971af102d5b24e5f8c,diverging,1,1,1,14249,9.564442008,2.820141269
66769d971af102d5b24e5f8c,diverging,2,1,1,18802,9.841718526,2.830282783
66769d971af102d5b24e5f8c,diverging,3,1,1,15899,9.674011493,2.824263773
66769d971af102d5b24e5f8c,diverging,4,0,1,30475,10.32466195,2.845811041
66769d971af102d5b24e5f8c,diverging,5,1,1,14540,9.584658751,2.820913548
66769d971af102d5b24e5f8c,diverging,6,0,1,35455,10.47601957,2.850174391
66769d971af102d5b24e5f8c,diverging,7,1,1,31768,10.36621477,2.847031441
66769d971af102d5b24e5f8c,diverging,8,1,1,14396,9.574705669,2.820534006
66769d971af102d5b24e5f8c,diverging,9,0,1,75390,11.23042992,2.868859797
66769d971af102d5b24e5f8c,blossom,1,1,2,21728,9.98635703,2.835204474
66769d971af102d5b24e5f8c,blossom,2,1,2,20657,9.935809524,2.833511991
66769d971af102d5b24e5f8c,blossom,3,1,2,15593,9.654577375,2.823543764
66769d971af102d5b24e5f8c,blossom,4,1,2,12914,9.466067273,2.816306423
66769d971af102d5b24e5f8c,blossom,5,1,2,10254,9.235423152,2.806794658
66769d971af102d5b24e5f8c,blossom,6,1,2,20274,9.917094556,2.83287792
66769d971af102d5b24e5f8c,blossom,7,1,2,17532,9.771783062,2.82781457
66769d971af102d5b24e5f8c,blossom,8,1,2,12200,9.409191231,2.81402988
66769d971af102d5b24e5f8c,blossom,9,1,2,46035,10.73715726,2.857192765
66769d971af102d5b24e5f8c,radial,1,1,3,16985,9.740085881,2.826676358
66769d971af102d5b24e5f8c,radial,2,1,3,13281,9.494089721,2.817411929
66769d971af102d5b24e5f8c,radial,3,1,3,25962,10.16438921,2.840938487
66769d971af102d5b24e5f8c,radial,4,1,3,12118,9.40244723,2.813757002
66769d971af102d5b24e5f8c,radial,5,1,3,30151,10.31397337,2.845494312
66769d971af102d5b24e5f8c,radial,6,1,3,21200,9.961756461,2.834384416
66769d971af102d5b24e5f8c,radial,7,0,3,15652,9.658353983,2.823684056
66769d971af102d5b24e5f8c,radial,8,1,3,9963,9.20663351,2.805553991
66769d971af102d5b24e5f8c,radial,9,0,3,29699,10.29886865,2.84504475
66a7e128f37f34ca658be38b,diverging,1,1,1,35488,10.47694989,2.85020052
66a7e128f37f34ca658be38b,diverging,2,1,1,21386,9.970491781,2.834676395
66a7e128f37f34ca658be38b,diverging,3,0,1,22074,10.00215572,2.835727505
66a7e128f37f34ca658be38b,diverging,4,1,1,19005,9.852457381,2.830656601
66a7e128f37f34ca658be38b,diverging,5,1,1,14952,9.612600349,2.821972191
66a7e128f37f34ca658be38b,diverging,6,0,1,15636,9.657331227,2.823646081
66a7e128f37f34ca658be38b,diverging,7,1,1,14849,9.605687802,2.821711229
66a7e128f37f34ca658be38b,diverging,8,0,1,17183,9.751675802,2.827093967
66a7e128f37f34ca658be38b,diverging,9,0,1,29103,10.27859654,2.84443774
66a7e128f37f34ca658be38b,blossom,1,1,2,17304,9.758692968,2.827346009
66a7e128f37f34ca658be38b,blossom,2,1,2,33549,10.42076234,2.84860747
66a7e128f37f34ca658be38b,blossom,3,1,2,51279,10.84503659,2.859914598
66a7e128f37f34ca658be38b,blossom,4,1,2,44599,10.70546672,2.856373988
66a7e128f37f34ca658be38b,blossom,5,0,2,21925,9.995382817,2.835503626
66a7e128f37f34ca658be38b,blossom,6,1,2,17479,9.768755439,2.827706382
66a7e128f37f34ca658be38b,blossom,7,1,2,19065,9.855609472,2.830766065
66a7e128f37f34ca658be38b,blossom,8,1,2,17756,9.784478766,2.82826702
66a7e128f37f34ca658be38b,blossom,9,0,2,33773,10.42741695,2.848797741
66a7e128f37f34ca658be38b,radial,1,1,3,14360,9.572201843,2.820438324
66a7e128f37f34ca658be38b,radial,2,1,3,7558,8.930361884,2.793008057
66a7e128f37f34ca658be38b,radial,3,1,3,15666,9.659248038,2.823717242
66a7e128f37f34ca658be38b,radial,4,0,3,8868,9.090204571,2.80041048
66a7e128f37f34ca658be38b,radial,5,0,3,20705,9.938130496,2.833590345
66a7e128f37f34ca658be38b,radial,6,1,3,13737,9.527848201,2.818729773
66a7e128f37f34ca658be38b,radial,7,0,3,9673,9.177093778,2.804268276
66a7e128f37f34ca658be38b,radial,8,1,3,21256,9.964394487,2.834472684
66a7e128f37f34ca658be38b,radial,9,1,3,34441,10.44700299,2.849355254
673feeafa80a279f5cc63e33,diverging,1,1,1,29692,10.29863293,2.845037716
673feeafa80a279f5cc63e33,diverging,2,1,1,29641,10.29691382,2.844986399
673feeafa80a279f5cc63e33,diverging,3,1,1,25120,10.13141962,2.839902706
673feeafa80a279f5cc63e33,diverging,4,1,1,22956,10.04133462,2.837012469
673feeafa80a279f5cc63e33,diverging,5,0,1,114869,11.65154763,2.877379609
673feeafa80a279f5cc63e33,diverging,6,0,1,40788,10.6161432,2.85401798
673feeafa80a279f5cc63e33,diverging,7,0,1,102420,11.53683729,2.875178735
673feeafa80a279f5cc63e33,diverging,8,1,1,21723,9.986126886,2.835196834
673feeafa80a279f5cc63e33,diverging,9,1,1,57280,10.9557068,2.862604722
673feeafa80a279f5cc63e33,radial,1,1,2,19428,9.874470603,2.831418611
673feeafa80a279f5cc63e33,radial,2,0,2,34134,10.43804923,2.849100849
673feeafa80a279f5cc63e33,radial,3,0,2,17181,9.751559401,2.827089781
673feeafa80a279f5cc63e33,radial,4,1,2,29632,10.29661014,2.844977331
673feeafa80a279f5cc63e33,radial,5,1,2,48184,10.78278229,2.85835613
673feeafa80a279f5cc63e33,radial,6,1,2,45443,10.72421407,2.856859425
673feeafa80a279f5cc63e33,radial,7,0,2,36790,10.51298135,2.851206151
673feeafa80a279f5cc63e33,radial,8,1,2,15148,9.625623789,2.822462183
673feeafa80a279f5cc63e33,radial,9,1,2,149768,11.91684271,2.882151645
673feeafa80a279f5cc63e33,blossom,1,1,3,15399,9.642057851,2.823077399
673feeafa80a279f5cc63e33,blossom,2,1,3,19544,9.880423613,2.831623699
673feeafa80a279f5cc63e33,blossom,3,1,3,42685,10.66160285,2.855225996
673feeafa80a279f5cc63e33,blossom,4,1,3,11613,9.359880439,2.812020094
673feeafa80a279f5cc63e33,blossom,5,1,3,18897,9.846758458,2.830458393
673feeafa80a279f5cc63e33,blossom,6,1,3,23098,10.04750131,2.837213161
673feeafa80a279f5cc63e33,blossom,7,1,3,29874,10.30474382,2.845219888
673feeafa80a279f5cc63e33,blossom,8,1,3,15628,9.656819456,2.823627074
673feeafa80a279f5cc63e33,blossom,9,0,3,84530,11.34486178,2.871297255
674bea1eb044fbe75795fef1,blossom,1,1,1,29642,10.29694755,2.844987406
674bea1eb044fbe75795fef1,blossom,2,1,1,16581,9.716012741,2.825803659
674bea1eb044fbe75795fef1,blossom,3,1,1,19734,9.890098315,2.831956118
674bea1eb044fbe75795fef1,blossom,4,0,1,12971,9.470471375,2.816480869
674bea1eb044fbe75795fef1,blossom,5,1,1,15252,9.632465921,2.82271874
674bea1eb044fbe75795fef1,blossom,6,1,1,31919,10.37095672,2.847169616
674bea1eb044fbe75795fef1,blossom,7,1,1,40099,10.59910668,2.853560416
674bea1eb044fbe75795fef1,blossom,8,1,1,26472,10.18384285,2.841544207
674bea1eb044fbe75795fef1,blossom,9,1,1,63591,11.06022723,2.865053817
674bea1eb044fbe75795fef1,radial,1,1,2,15110,9.623112055,2.822367851
674bea1eb044fbe75795fef1,radial,2,1,2,24062,10.08838911,2.838533212
674bea1eb044fbe75795fef1,radial,3,0,2,22907,10.03919782,2.83694283
674bea1eb044fbe75795fef1,radial,4,1,2,15451,9.645429005,2.823203174
674bea1eb044fbe75795fef1,radial,5,1,2,47156,10.76121653,2.857808493
674bea1eb044fbe75795fef1,radial,6,1,2,31491,10.35745707,2.846775665
674bea1eb044fbe75795fef1,radial,7,0,2,40497,10.60898318,2.853826001
674bea1eb044fbe75795fef1,radial,8,1,2,37379,10.52886433,2.851645533
674bea1eb044fbe75795fef1,radial,9,1,2,57717,10.96330704,2.862785766
674bea1eb044fbe75795fef1,diverging,1,1,3,11403,9.341631758,2.811267714
674bea1eb044fbe75795fef1,diverging,2,1,3,15155,9.626085789,2.822479526
674bea1eb044fbe75795fef1,diverging,3,1,3,16044,9.683090227,2.824598496
674bea1eb044fbe75795fef1,diverging,4,1,3,38430,10.55659368,2.85240695
674bea1eb044fbe75795fef1,diverging,5,1,3,23584,10.06832379,2.837887709
674bea1eb044fbe75795fef1,diverging,6,1,3,33374,10.41553243,2.848457631
674bea1eb044fbe75795fef1,diverging,7,1,3,39154,10.57525787,2.852915408
674bea1eb044fbe75795fef1,diverging,8,1,3,43338,10.67678513,2.855625286
674bea1eb044fbe75795fef1,diverging,9,1,3,62623,11.0448879,2.864699832
67e6e99634be5e57bbd2553f,radial,1,1,1,27297,10.21453209,2.842491633
67e6e99634be5e57bbd2553f,radial,2,1,1,173960,12.06658067,2.884660488
67e6e99634be5e57bbd2553f,radial,3,0,1,31823,10.36794458,2.847081872
67e6e99634be5e57bbd2553f,radial,4,0,1,39144,10.57500243,2.852908471
67e6e99634be5e57bbd2553f,radial,5,0,1,41328,10.62929552,2.854369408
67e6e99634be5e57bbd2553f,radial,6,1,1,26946,10.20159014,2.842093303
67e6e99634be5e57bbd2553f,radial,7,0,1,85505,11.35633013,2.871536334
67e6e99634be5e57bbd2553f,radial,8,1,1,35904,10.48860399,2.850527136
67e6e99634be5e57bbd2553f,radial,9,1,1,112155,11.62763712,2.876927928
67e6e99634be5e57bbd2553f,diverging,1,0,2,15025,9.617470759,2.822155689
67e6e99634be5e57bbd2553f,diverging,2,1,2,40266,10.60326272,2.853672283
67e6e99634be5e57bbd2553f,diverging,3,0,2,16257,9.696278864,2.825082905
67e6e99634be5e57bbd2553f,diverging,4,0,2,19381,9.872048484,2.831335046
67e6e99634be5e57bbd2553f,diverging,5,1,2,23347,10.05822378,2.837561115
67e6e99634be5e57bbd2553f,diverging,6,1,2,18178,9.807967351,2.82909896
67e6e99634be5e57bbd2553f,diverging,7,1,2,35508,10.4775133,2.85021634
67e6e99634be5e57bbd2553f,diverging,8,1,2,24852,10.12069351,2.839563214
67e6e99634be5e57bbd2553f,diverging,9,1,2,57857,10.96572973,2.862843379
67e6e99634be5e57bbd2553f,blossom,1,0,3,27602,10.22564351,2.842832223
67e6e99634be5e57bbd2553f,blossom,2,1,3,19486,9.877451538,2.83152136
67e6e99634be5e57bbd2553f,blossom,3,0,3,29892,10.30534617,2.845237824
67e6e99634be5e57bbd2553f,blossom,4,0,3,19287,9.867186573,2.831167099
67e6e99634be5e57bbd2553f,blossom,5,1,3,13722,9.526755663,2.81868736
67e6e99634be5e57bbd2553f,blossom,6,1,3,21541,9.977713375,2.834917122
67e6e99634be5e57bbd2553f,blossom,7,0,3,43485,10.68017133,2.855714061
67e6e99634be5e57bbd2553f,blossom,8,1,3,17310,9.759039648,2.827358446
67e6e99634be5e57bbd2553f,blossom,9,0,3,39647,10.58777056,2.853254476
683cbc0c0c2d722831c8bc17,radial,1,1,1,23533,10.06615897,2.837817802
683cbc0c0c2d722831c8bc17,radial,2,1,1,24792,10.1182763,2.839486535
683cbc0c0c2d722831c8bc17,radial,3,0,1,47425,10.76690479,2.857953331
683cbc0c0c2d722831c8bc17,radial,4,1,1,12241,9.412546252,2.814165398
683cbc0c0c2d722831c8bc17,radial,5,1,1,19953,9.901134787,2.832333991
683cbc0c0c2d722831c8bc17,radial,6,1,1,14186,9.560010842,2.819971285
683cbc0c0c2d722831c8bc17,radial,7,0,1,19905,9.898726235,2.832251647
683cbc0c0c2d722831c8bc17,radial,8,1,1,22550,10.02349034,2.836429353
683cbc0c0c2d722831c8bc17,radial,9,0,1,53099,10.87991337,2.860773349
683cbc0c0c2d722831c8bc17,blossom,1,1,2,14570,9.586719899,2.820991985
683cbc0c0c2d722831c8bc17,blossom,2,1,2,23621,10.06989143,2.837938299
683cbc0c0c2d722831c8bc17,blossom,3,1,2,16709,9.723702775,2.826083217
683cbc0c0c2d722831c8bc17,blossom,4,1,2,12952,9.469005495,2.816422835
683cbc0c0c2d722831c8bc17,blossom,5,1,2,10988,9.304559047,2.809724739
683cbc0c0c2d722831c8bc17,blossom,6,0,2,13204,9.488275093,2.817183406
683cbc0c0c2d722831c8bc17,blossom,7,0,2,16279,9.697631213,2.825132453
683cbc0c0c2d722831c8bc17,blossom,8,1,2,44105,10.69432843,2.856084105
683cbc0c0c2d722831c8bc17,blossom,9,1,2,38169,10.54977895,2.852220491
683cbc0c0c2d722831c8bc17,diverging,1,1,3,11726,9.369563878,2.812417438
683cbc0c0c2d722831c8bc17,diverging,2,1,3,15111,9.623178234,2.822370338
683cbc0c0c2d722831c8bc17,diverging,3,0,3,13310,9.496270911,2.817497536
683cbc0c0c2d722831c8bc17,diverging,4,1,3,45535,10.72623654,2.856911609
683cbc0c0c2d722831c8bc17,diverging,5,1,3,15977,9.678905467,2.824444337
683cbc0c0c2d722831c8bc17,diverging,6,0,3,18755,9.839215663,2.830195462
683cbc0c0c2d722831c8bc17,diverging,7,0,3,40606,10.61167112,2.853898126
683cbc0c0c2d722831c8bc17,diverging,8,1,3,21878,9.993236845,2.835432583
683cbc0c0c2d722831c8bc17,diverging,9,1,3,10598,9.268420583,2.808201756
69456dc21e6c9536e4bb8f4a,radial,1,1,1,28117,10.24412965,2.843396013
69456dc21e6c9536e4bb8f4a,radial,2,1,1,28891,10.27128541,2.84421779
69456dc21e6c9536e4bb8f4a,radial,3,0,1,30329,10.31985963,2.845668879
69456dc21e6c9536e4bb8f4a,radial,4,1,1,26825,10.19708957,2.841954371
69456dc21e6c9536e4bb8f4a,radial,5,1,1,27393,10.21804279,2.842599383
69456dc21e6c9536e4bb8f4a,radial,6,1,1,28136,10.24480517,2.843416548
69456dc21e6c9536e4bb8f4a,radial,7,0,1,15927,9.675771061,2.824328727
69456dc21e6c9536e4bb8f4a,radial,8,1,1,16228,9.694493424,2.825017454
69456dc21e6c9536e4bb8f4a,radial,9,1,1,87666,11.38128942,2.872053436
69456dc21e6c9536e4bb8f4a,diverging,1,1,2,13228,9.490091074,2.817254825
69456dc21e6c9536e4bb8f4a,diverging,2,1,2,22132,10.0047798,2.835814106
69456dc21e6c9536e4bb8f4a,diverging,3,1,2,9880,9.198267791,2.805191187
69456dc21e6c9536e4bb8f4a,diverging,4,0,2,55238,10.9194064,2.861733511
69456dc21e6c9536e4bb8f4a,diverging,5,1,2,69812,11.15356119,2.867168226
69456dc21e6c9536e4bb8f4a,diverging,6,1,2,55071,10.91637854,2.861660354
69456dc21e6c9536e4bb8f4a,diverging,7,1,2,35457,10.47607597,2.850175975
69456dc21e6c9536e4bb8f4a,diverging,8,1,2,17170,9.750918954,2.827066746
69456dc21e6c9536e4bb8f4a,diverging,9,1,2,88522,11.39100639,2.872253563
69456dc21e6c9536e4bb8f4a,blossom,1,1,3,22750,10.03232042,2.836718346
69456dc21e6c9536e4bb8f4a,blossom,2,1,3,44326,10.69932669,2.856214325
69456dc21e6c9536e4bb8f4a,blossom,3,1,3,14067,9.551586908,2.819647427
69456dc21e6c9536e4bb8f4a,blossom,4,0,3,17066,9.744843459,2.826847983
69456dc21e6c9536e4bb8f4a,blossom,5,1,3,13185,9.486835099,2.817126742
69456dc21e6c9536e4bb8f4a,blossom,6,1,3,12540,9.436678814,2.815135622
69456dc21e6c9536e4bb8f4a,blossom,7,1,3,30522,10.32620301,2.845856611
69456dc21e6c9536e4bb8f4a,blossom,8,1,3,22937,10.04050661,2.83698549
69456dc21e6c9536e4bb8f4a,blossom,9,1,3,112687,11.63236934,2.877017615
695fc71f6c3e211274612a66,blossom,1,1,1,13732,9.527484155,2.818715642
695fc71f6c3e211274612a66,blossom,2,1,1,13715,9.526245403,2.818667546
695fc71f6c3e211274612a66,blossom,3,1,1,19082,9.856500761,2.830796996
695fc71f6c3e211274612a66,blossom,4,1,1,9164,9.123038044,2.801881706
695fc71f6c3e211274612a66,blossom,5,1,1,9131,9.119430497,2.80172086
695fc71f6c3e211274612a66,blossom,6,1,1,21932,9.995702037,2.83551419
695fc71f6c3e211274612a66,blossom,7,1,1,12096,9.400630098,2.813683369
695fc71f6c3e211274612a66,blossom,8,1,1,19720,9.889388628,2.831931771
695fc71f6c3e211274612a66,blossom,9,1,1,28870,10.27055827,2.844195885
695fc71f6c3e211274612a66,radial,1,1,2,11792,9.375176614,2.812647148
695fc71f6c3e211274612a66,radial,2,0,2,13581,9.516427036,2.818285617
695fc71f6c3e211274612a66,radial,3,0,2,19700,9.888373915,2.831896949
695fc71f6c3e211274612a66,radial,4,1,2,17198,9.752548377,2.827125341
695fc71f6c3e211274612a66,radial,5,1,2,15965,9.678154105,2.824416635
695fc71f6c3e211274612a66,radial,6,1,2,16448,9.707959168,2.825510099
695fc71f6c3e211274612a66,radial,7,0,2,20413,9.923927232,2.833109883
695fc71f6c3e211274612a66,radial,8,1,2,16118,9.687691939,2.824767761
695fc71f6c3e211274612a66,radial,9,1,2,56159,10.93594223,2.862131709
695fc71f6c3e211274612a66,diverging,1,1,3,12858,9.461721465,2.81613403
695fc71f6c3e211274612a66,diverging,2,1,3,12198,9.409027283,2.814023254
695fc71f6c3e211274612a66,diverging,3,1,3,8030,8.990939807,2.795861044
695fc71f6c3e211274612a66,diverging,4,1,3,15499,9.648530785,2.823318771
695fc71f6c3e211274612a66,diverging,5,1,3,11015,9.307013259,2.809827488
695fc71f6c3e211274612a66,diverging,6,0,3,13148,9.484024935,2.817016081
695fc71f6c3e211274612a66,diverging,7,1,3,8882,9.091782036,2.800481541
695fc71f6c3e211274612a66,diverging,8,1,3,11486,9.348884181,2.811567287
695fc71f6c3e211274612a66,diverging,9,1,3,25852,10.16014325,2.840805747
695fe9944e704fd2353901e3,diverging,1,1,1,16541,9.713597426,2.825715703
695fe9944e704fd2353901e3,diverging,2,1,1,15212,9.629839869,2.822620343
695fe9944e704fd2353901e3,diverging,3,1,1,8655,9.065892468,2.799310422
695fe9944e704fd2353901e3,diverging,4,1,1,15586,9.654128354,2.823527072
695fe9944e704fd2353901e3,diverging,5,1,1,21967,9.997296606,2.835566939
695fe9944e704fd2353901e3,diverging,6,1,1,36629,10.50859556,2.851084404
695fe9944e704fd2353901e3,diverging,7,1,1,23154,10.04992283,2.837291853
695fe9944e704fd2353901e3,diverging,8,1,1,19410,9.873543676,2.831386639
695fe9944e704fd2353901e3,diverging,9,0,1,95579,11.46770841,2.873810228
695fe9944e704fd2353901e3,blossom,1,1,2,20110,9.908972483,2.832601479
695fe9944e704fd2353901e3,blossom,2,1,2,13694,9.52471306,2.818608023
695fe9944e704fd2353901e3,blossom,3,1,2,11778,9.373988664,2.812598566
695fe9944e704fd2353901e3,blossom,4,1,2,10047,9.215029361,2.805917062
695fe9944e704fd2353901e3,blossom,5,1,2,11896,9.383957488,2.813005637
695fe9944e704fd2353901e3,blossom,6,1,2,10413,9.250810305,2.807452777
695fe9944e704fd2353901e3,blossom,7,1,2,13469,9.508146028,2.817962495
695fe9944e704fd2353901e3,blossom,8,1,2,19704,9.88857694,2.831903917
695fe9944e704fd2353901e3,blossom,9,0,2,47016,10.75824325,2.857732674
695fe9944e704fd2353901e3,radial,1,1,3,12238,9.412301144,2.814155503
695fe9944e704fd2353901e3,radial,2,1,3,20072,9.907081088,2.832536994
695fe9944e704fd2353901e3,radial,3,1,3,17886,9.791773563,2.828526107
695fe9944e704fd2353901e3,radial,4,1,3,15473,9.646851848,2.823256216
695fe9944e704fd2353901e3,radial,5,1,3,21073,9.955747879,2.834183073
695fe9944e704fd2353901e3,radial,6,1,3,14015,9.547883464,2.819504754
695fe9944e704fd2353901e3,radial,7,0,3,19592,9.882876599,2.831708087
695fe9944e704fd2353901e3,radial,8,1,3,13997,9.5465983,2.819455201
695fe9944e704fd2353901e3,radial,9,1,3,142429,11.86659891,2.881280701
697ed59824964096e537d7d3,radial,1,0,1,64548,11.07516441,2.865396747
697ed59824964096e537d7d3,radial,2,1,1,65228,11.0856441,2.865636301
697ed59824964096e537d7d3,radial,3,0,1,147704,11.90296555,2.881912583
697ed59824964096e537d7d3,radial,4,1,1,39381,10.58103875,2.853072238
697ed59824964096e537d7d3,radial,5,1,1,54415,10.90439513,2.861370077
697ed59824964096e537d7d3,radial,6,1,1,24847,10.1204923,2.839556833
697ed59824964096e537d7d3,radial,7,0,1,34097,10.43696468,2.84906998
697ed59824964096e537d7d3,radial,8,1,1,29268,10.28425005,2.844607446
697ed59824964096e537d7d3,radial,9,1,1,73698,11.20773094,2.868364889
697ed59824964096e537d7d3,blossom,1,0,2,43824,10.68793689,2.855917262
697ed59824964096e537d7d3,blossom,2,1,2,34882,10.45972622,2.849715428
697ed59824964096e537d7d3,blossom,3,0,2,21499,9.975761701,2.834852123
697ed59824964096e537d7d3,blossom,4,1,2,55332,10.92110668,2.861774559
697ed59824964096e537d7d3,blossom,5,1,2,16846,9.731868519,2.826379267
697ed59824964096e537d7d3,blossom,6,0,2,47265,10.76352534,2.857867315
697ed59824964096e537d7d3,blossom,7,0,2,49531,10.81035402,2.859050441
697ed59824964096e537d7d3,blossom,8,1,2,29499,10.29211164,2.84484289
697ed59824964096e537d7d3,blossom,9,0,2,68388,11.13295265,2.866707127
697ed59824964096e537d7d3,diverging,1,1,3,40341,10.6051236,2.853722321
697ed59824964096e537d7d3,diverging,2,1,3,35815,10.48612208,2.850457687
697ed59824964096e537d7d3,diverging,3,1,3,19917,9.899328917,2.832272258
697ed59824964096e537d7d3,diverging,4,1,3,38449,10.55708797,2.852420457
697ed59824964096e537d7d3,diverging,5,1,3,60231,11.00594245,2.863792727
697ed59824964096e537d7d3,diverging,6,0,3,67499,11.11986806,2.866412684
697ed59824964096e537d7d3,diverging,7,0,3,54166,10.89980868,2.861258664
697ed59824964096e537d7d3,diverging,8,0,3,31099,10.34493094,2.846408499
697ed59824964096e537d7d3,diverging,9,0,3,69539,11.14964303,2.86708081
698158ae43afcea4f821069c,radial,1,1,1,11416,9.342771159,2.811314828
698158ae43afcea4f821069c,radial,2,1,1,20598,9.932949263,2.833415346
698158ae43afcea4f821069c,radial,3,0,1,26392,10.18081621,2.841450231
698158ae43afcea4f821069c,radial,4,1,1,19179,9.861571209,2.830972779
698158ae43afcea4f821069c,radial,5,1,1,39576,10.58597815,2.853205995
698158ae43afcea4f821069c,radial,6,1,1,49586,10.81146381,2.859078251
698158ae43afcea4f821069c,radial,7,0,1,24961,10.12506989,2.83970188
698158ae43afcea4f821069c,radial,8,1,1,40812,10.61673143,2.854033731
698158ae43afcea4f821069c,radial,9,1,1,58452,10.97596118,2.863086161
698158ae43afcea4f821069c,diverging,1,1,2,26229,10.17462095,2.841257569
698158ae43afcea4f821069c,diverging,2,1,2,12451,9.42955622,2.814850096
698158ae43afcea4f821069c,diverging,3,1,2,18876,9.845646553,2.830419676
698158ae43afcea4f821069c,diverging,4,1,2,20215,9.914180182,2.832778815
698158ae43afcea4f821069c,diverging,5,1,2,21373,9.969883722,2.834656099
698158ae43afcea4f821069c,diverging,6,1,2,25470,10.14525657,2.840338829
698158ae43afcea4f821069c,diverging,7,0,2,31765,10.36612033,2.847028687
698158ae43afcea4f821069c,diverging,8,1,2,14590,9.588091642,2.821044157
698158ae43afcea4f821069c,diverging,9,0,2,99161,11.50450007,2.874542587
698158ae43afcea4f821069c,blossom,1,1,3,17080,9.745663467,2.826877536
698158ae43afcea4f821069c,blossom,2,1,3,18956,9.849875783,2.830566861
698158ae43afcea4f821069c,blossom,3,1,3,20970,9.950848124,2.83401858
698158ae43afcea4f821069c,blossom,4,1,3,25019,10.12739082,2.839775336
698158ae43afcea4f821069c,blossom,5,1,3,12866,9.462343452,2.816158719
698158ae43afcea4f821069c,blossom,6,1,3,45775,10.73149337,2.857047078
698158ae43afcea4f821069c,blossom,7,1,3,27493,10.22168671,2.842711086
698158ae43afcea4f821069c,blossom,8,1,3,23610,10.06942563,2.83792327
698158ae43afcea4f821069c,blossom,9,1,3,66110,11.0990753,2.865942073
6985f4fbf0d138e1b1231702,radial,1,1,1,25582,10.14964426,2.840476695
6985f4fbf0d138e1b1231702,radial,2,1,1,29664,10.29768947,2.845009557
6985f4fbf0d138e1b1231702,radial,3,1,1,31200,10.34817337,2.846503691
6985f4fbf0d138e1b1231702,radial,4,1,1,22231,10.00924299,2.835961223
6985f4fbf0d138e1b1231702,radial,5,1,1,39447,10.58271328,2.853117608
6985f4fbf0d138e1b1231702,radial,6,1,1,28927,10.27253069,2.844255292
6985f4fbf0d138e1b1231702,radial,7,0,1,24495,10.10622429,2.839103276
6985f4fbf0d138e1b1231702,radial,8,1,1,51661,10.85245842,2.860098198
6985f4fbf0d138e1b1231702,radial,9,1,1,66152,11.0997104,2.865956497
6985f4fbf0d138e1b1231702,blossom,1,1,2,24242,10.09584195,2.838771848
6985f4fbf0d138e1b1231702,blossom,2,1,2,20648,9.935373741,2.833497272
6985f4fbf0d138e1b1231702,blossom,3,1,2,23455,10.06283897,2.837710492
6985f4fbf0d138e1b1231702,blossom,4,1,2,18144,9.806095207,2.829032895
6985f4fbf0d138e1b1231702,blossom,5,1,2,16479,9.709842122,2.825578806
6985f4fbf0d138e1b1231702,blossom,6,0,2,27808,10.23307903,2.843059418
6985f4fbf0d138e1b1231702,blossom,7,1,2,29991,10.30865262,2.845336215
6985f4fbf0d138e1b1231702,blossom,8,1,2,25220,10.13539261,2.84002814
6985f4fbf0d138e1b1231702,blossom,9,1,2,67942,11.12640968,2.866560055
6985f4fbf0d138e1b1231702,diverging,1,1,3,12096,9.400630098,2.813683369
6985f4fbf0d138e1b1231702,diverging,2,1,3,18503,9.82568816,2.829722216
6985f4fbf0d138e1b1231702,diverging,3,1,3,13159,9.484861214,2.817049024
6985f4fbf0d138e1b1231702,diverging,4,1,3,15648,9.658098392,2.823674567
6985f4fbf0d138e1b1231702,diverging,5,1,3,15014,9.616738378,2.822128116
6985f4fbf0d138e1b1231702,diverging,6,0,3,34576,10.45091508,2.849466165
6985f4fbf0d138e1b1231702,diverging,7,0,3,17063,9.744667656,2.826841646
6985f4fbf0d138e1b1231702,diverging,8,1,3,26995,10.20340694,2.842149327
6985f4fbf0d138e1b1231702,diverging,9,0,3,22097,10.00319713,2.835761883
6987a1e2280a50ce4b099a98,blossom,1,1,1,110160,11.60968913,2.876586454
6987a1e2280a50ce4b099a98,blossom,2,1,1,23030,10.04455299,2.837117262
6987a1e2280a50ce4b099a98,blossom,3,1,1,24772,10.11746926,2.83946092
6987a1e2280a50ce4b099a98,blossom,4,1,1,69573,11.15013184,2.867091722
6987a1e2280a50ce4b099a98,blossom,5,1,1,18710,9.836813419,2.830111582
6987a1e2280a50ce4b099a98,blossom,6,1,1,54075,10.89812725,2.861217775
6987a1e2280a50ce4b099a98,blossom,7,1,1,23982,10.08505883,2.838426382
6987a1e2280a50ce4b099a98,blossom,8,1,1,121634,11.70877181,2.878445763
6987a1e2280a50ce4b099a98,blossom,9,1,1,101974,11.53247316,2.875093292
6987a1e2280a50ce4b099a98,diverging,1,1,2,69931,11.15526432,2.867206188
6987a1e2280a50ce4b099a98,diverging,2,1,2,21692,9.984698808,2.835149413
6987a1e2280a50ce4b099a98,diverging,3,1,2,17731,9.783069799,2.828216904
6987a1e2280a50ce4b099a98,diverging,4,1,2,39438,10.5824851,2.853111427
6987a1e2280a50ce4b099a98,diverging,5,1,2,95581,11.46772933,2.873810647
6987a1e2280a50ce4b099a98,diverging,6,1,2,28354,10.25252339,2.843650834
6987a1e2280a50ce4b099a98,diverging,7,1,2,154995,11.95114814,2.882737793
6987a1e2280a50ce4b099a98,diverging,8,1,2,37236,10.52503131,2.851539716
6987a1e2280a50ce4b099a98,diverging,9,1,2,230598,12.34843121,2.889049053
6987a1e2280a50ce4b099a98,radial,1,1,3,95743,11.4694228,2.873844558
6987a1e2280a50ce4b099a98,radial,2,1,3,24736,10.11601495,2.839414743
6987a1e2280a50ce4b099a98,radial,3,0,3,42447,10.65601152,2.855078423
6987a1e2280a50ce4b099a98,radial,4,1,3,29078,10.27773715,2.844411914
6987a1e2280a50ce4b099a98,radial,5,1,3,27748,10.23091904,2.842993478
6987a1e2280a50ce4b099a98,radial,6,1,3,130240,11.77713418,2.879692461
6987a1e2280a50ce4b099a98,radial,7,0,3,30304,10.319035,2.845644444
6987a1e2280a50ce4b099a98,radial,8,1,3,14823,9.603935308,2.821644971
6987a1e2280a50ce4b099a98,radial,9,1,3,82200,11.31691058,2.870710629
699198e00ef2a3ec51fef431,diverging,1,0,1,22115,10.00401139,2.835788754
699198e00ef2a3ec51fef431,diverging,2,1,1,25796,10.15797472,2.840737879
699198e00ef2a3ec51fef431,diverging,3,1,1,23617,10.06972207,2.837932835
699198e00ef2a3ec51fef431,diverging,4,1,1,21588,9.979892884,2.834989658
699198e00ef2a3ec51fef431,diverging,5,1,1,20237,9.915267891,2.832815815
699198e00ef2a3ec51fef431,diverging,6,0,1,50984,10.83926714,2.859771553
699198e00ef2a3ec51fef431,diverging,7,0,1,17693,9.78092436,2.828140545
699198e00ef2a3ec51fef431,diverging,8,1,1,19520,9.87919486,2.831581401
699198e00ef2a3ec51fef431,diverging,9,0,1,41083,10.62334969,2.854210731
699198e00ef2a3ec51fef431,radial,1,1,2,41682,10.63782466,2.854596465
699198e00ef2a3ec51fef431,radial,2,1,2,18200,9.809176873,2.82914162
699198e00ef2a3ec51fef431,radial,3,0,2,61759,11.03099499,2.864377625
699198e00ef2a3ec51fef431,radial,4,1,2,16959,9.738553945,2.826621035
699198e00ef2a3ec51fef431,radial,5,1,2,42191,10.64996221,2.854918446
699198e00ef2a3ec51fef431,radial,6,1,2,18230,9.810823868,2.829199681
699198e00ef2a3ec51fef431,radial,7,0,2,17583,9.774687805,2.827918262
699198e00ef2a3ec51fef431,radial,8,1,2,16148,9.689551482,2.824836085
699198e00ef2a3ec51fef431,radial,9,0,2,57422,10.95818278,2.862663754
699198e00ef2a3ec51fef431,blossom,1,1,3,14761,9.599743847,2.82148634
699198e00ef2a3ec51fef431,blossom,2,1,3,17278,9.757189295,2.827292051
699198e00ef2a3ec51fef431,blossom,3,1,3,18201,9.809231817,2.829143557
699198e00ef2a3ec51fef431,blossom,4,1,3,19449,9.875550934,2.83145586
699198e00ef2a3ec51fef431,blossom,5,1,3,19381,9.872048484,2.831335046
699198e00ef2a3ec51fef431,blossom,6,0,3,36629,10.50859556,2.851084404
699198e00ef2a3ec51fef431,blossom,7,1,3,24023,10.08676698,2.838481192
699198e00ef2a3ec51fef431,blossom,8,1,3,28711,10.2650356,2.844029335
699198e00ef2a3ec51fef431,blossom,9,1,3,40828,10.6171234,2.854044225
69a9dcac25a062cd320e83a1,radial,1,1,1,27857,10.23483956,2.843113128
69a9dcac25a062cd320e83a1,radial,2,1,1,41320,10.62910192,2.854364247
69a9dcac25a062cd320e83a1,radial,3,1,1,53773,10.89252676,2.861081414
69a9dcac25a062cd320e83a1,radial,4,1,1,22626,10.02685497,2.836539574
69a9dcac25a062cd320e83a1,radial,5,1,1,29879,10.30491117,2.845224872
69a9dcac25a062cd320e83a1,radial,6,0,1,16739,9.725496605,2.826148323
69a9dcac25a062cd320e83a1,radial,7,1,1,47810,10.7749901,2.858158721
69a9dcac25a062cd320e83a1,radial,8,1,1,23793,10.0771467,2.838172087
69a9dcac25a062cd320e83a1,radial,9,0,1,56988,10.950596,2.862482714
69a9dcac25a062cd320e83a1,blossom,1,1,2,37778,10.5394822,2.851937939
69a9dcac25a062cd320e83a1,blossom,2,1,2,15052,9.619266152,2.822223256
69a9dcac25a062cd320e83a1,blossom,3,0,2,33110,10.40759063,2.848229583
69a9dcac25a062cd320e83a1,blossom,4,1,2,62379,11.04098396,2.864609445
69a9dcac25a062cd320e83a1,blossom,5,1,2,21642,9.98239115,2.835072736
69a9dcac25a062cd320e83a1,blossom,6,1,2,50595,10.83160804,2.859581222
69a9dcac25a062cd320e83a1,blossom,7,1,2,50133,10.82243475,2.859352607
69a9dcac25a062cd320e83a1,blossom,8,1,2,31041,10.34306419,2.846353646
69a9dcac25a062cd320e83a1,blossom,9,1,2,67151,11.11469909,2.866296005
69a9dcac25a062cd320e83a1,diverging,1,1,3,14588,9.587954552,2.821038944
69a9dcac25a062cd320e83a1,diverging,2,1,3,41357,10.62999697,2.854388107
69a9dcac25a062cd320e83a1,diverging,3,1,3,18616,9.831776705,2.829935488
69a9dcac25a062cd320e83a1,diverging,4,1,3,15545,9.651494322,2.823429102
69a9dcac25a062cd320e83a1,diverging,5,1,3,24851,10.12065327,2.839561938
69a9dcac25a062cd320e83a1,diverging,6,1,3,32006,10.37367866,2.847248829
69a9dcac25a062cd320e83a1,diverging,7,1,3,64462,11.07383118,2.86536621
69a9dcac25a062cd320e83a1,diverging,8,1,3,37523,10.53270936,2.851751544
69a9dcac25a062cd320e83a1,diverging,9,1,3,69747,11.15262969,2.867147454
69abcd95cbb74f22b9500bdd,radial,1,1,1,11960,9.389323028,2.813224164
69abcd95cbb74f22b9500bdd,radial,2,1,1,10494,9.258558944,2.807782887
69abcd95cbb74f22b9500bdd,radial,3,0,1,14990,9.615138591,2.82206786
69abcd95cbb74f22b9500bdd,radial,4,1,1,11093,9.314069558,2.810122431
69abcd95cbb74f22b9500bdd,radial,5,1,1,15779,9.666435221,2.823983649
69abcd95cbb74f22b9500bdd,radial,6,1,1,10411,9.250618218,2.807444583
69abcd95cbb74f22b9500bdd,radial,7,0,1,10404,9.249945627,2.807415886
69abcd95cbb74f22b9500bdd,radial,8,1,1,9029,9.108196898,2.801218733
69abcd95cbb74f22b9500bdd,radial,9,1,1,20559,9.93105408,2.833351258
69abcd95cbb74f22b9500bdd,blossom,1,0,2,8175,9.008835996,2.79669267
69abcd95cbb74f22b9500bdd,blossom,2,1,2,7888,8.973097896,2.795026873
69abcd95cbb74f22b9500bdd,blossom,3,1,2,8839,9.086929027,2.800262801
69abcd95cbb74f22b9500bdd,blossom,4,1,2,5476,8.608130186,2.77680077
69abcd95cbb74f22b9500bdd,blossom,5,1,2,9271,9.134646528,2.802397938
69abcd95cbb74f22b9500bdd,blossom,6,1,2,6236,8.73809423,2.783552565
69abcd95cbb74f22b9500bdd,blossom,7,1,2,11939,9.387565631,2.813152633
69abcd95cbb74f22b9500bdd,blossom,8,1,2,14023,9.548454118,2.81952675
69abcd95cbb74f22b9500bdd,blossom,9,0,2,9332,9.141204633,2.802688676
69abcd95cbb74f22b9500bdd,diverging,1,1,3,6057,8.708969907,2.782065427
69abcd95cbb74f22b9500bdd,diverging,2,1,3,9243,9.131621787,2.802263624
69abcd95cbb74f22b9500bdd,diverging,3,1,3,5128,8.542470999,2.773274217
69abcd95cbb74f22b9500bdd,diverging,4,1,3,5980,8.696175847,2.781407457
69abcd95cbb74f22b9500bdd,diverging,5,1,3,7226,8.885440912,2.790854071
69abcd95cbb74f22b9500bdd,diverging,6,0,3,12532,9.436040652,2.815110068
69abcd95cbb74f22b9500bdd,diverging,7,0,3,8776,9.079776002,2.799939732
69abcd95cbb74f22b9500bdd,diverging,8,1,3,6991,8.852378887,2.789247516
69abcd95cbb74f22b9500bdd,diverging,9,0,3,24665,10.11314051,2.839323407
69ae70d4471a238f4194f006,diverging,1,0,1,32857,10.39992009,2.848008738
69ae70d4471a238f4194f006,diverging,2,1,1,20641,9.935034668,2.833485819
69ae70d4471a238f4194f006,diverging,3,1,1,54106,10.89870036,2.861231715
69ae70d4471a238f4194f006,diverging,4,1,1,12485,9.432283203,2.814959496
69ae70d4471a238f4194f006,diverging,5,0,1,19448,9.875499516,2.831454088
69ae70d4471a238f4194f006,diverging,6,0,1,47861,10.77605626,2.858185762
69ae70d4471a238f4194f006,diverging,7,0,1,120094,11.69603005,2.878210166
69ae70d4471a238f4194f006,diverging,8,0,1,19011,9.852773038,2.830667568
69ae70d4471a238f4194f006,diverging,9,0,1,39209,10.57666159,2.852953518
69ae70d4471a238f4194f006,radial,1,1,2,187104,12.13941989,2.885835358
69ae70d4471a238f4194f006,radial,2,1,2,15548,9.651687292,2.823436282
69ae70d4471a238f4194f006,radial,3,0,2,17214,9.753478285,2.827158766
69ae70d4471a238f4194f006,radial,4,1,2,269569,12.50457967,2.891304813
69ae70d4471a238f4194f006,radial,5,1,2,17215,9.753536376,2.827160854
69ae70d4471a238f4194f006,radial,6,0,2,28093,10.24327571,2.843370048
69ae70d4471a238f4194f006,radial,7,0,2,18863,9.84495761,2.830395679
69ae70d4471a238f4194f006,radial,8,1,2,236792,12.3749374,2.889440482
69ae70d4471a238f4194f006,radial,9,0,2,37515,10.53249613,2.851745669
69ae70d4471a238f4194f006,blossom,1,0,3,91619,11.42539395,2.872956495
69ae70d4471a238f4194f006,blossom,2,1,3,20084,9.907678757,2.832557376
69ae70d4471a238f4194f006,blossom,3,1,3,7568,8.931684111,2.79307096
69ae70d4471a238f4194f006,blossom,4,0,3,106963,11.58023826,2.876021582
69ae70d4471a238f4194f006,blossom,5,1,3,8944,9.098738195,2.800794446
69ae70d4471a238f4194f006,blossom,6,1,3,10439,9.253304071,2.807559113
69ae70d4471a238f4194f006,blossom,7,1,3,15858,9.671429384,2.824168384
69ae70d4471a238f4194f006,blossom,8,1,3,15330,9.637566972,2.822909623
69ae70d4471a238f4194f006,blossom,9,1,3,33038,10.40541369,2.848166965